n,l2_error,h1_error
10,2.909590e-03,1.742378e-01
20,7.270668e-04,8.720607e-02
40,1.817475e-04,4.361417e-02
80,4.543570e-05,2.180848e-02
